"SR. NO 
","SYMBOL 
","COMPANY NAME 
","ISIN 
","ASM STAGE 
"
"Long Term",,,,
1,"AARVEEDEN","Aarvee Denims & Exports Limited","INE273D01019","LTASM - I (13)"
2,"ADROITINFO","Adroit Infotech Limited","INE737B01033","LTASM - I (13)"
3,"AEGISLOG","Aegis Logistics Limited","INE208C01025","LTASM - I (13)"
4,"AGNI","Agni Green Power Limited","INE0LF301013","LTASM - I (13)"
5,"AJOONI","Ajooni Biotech Limited","INE820Y01021","LTASM - I (13)"
6,"AKASH","Akash Infra Projects Limited","INE737W01013","LTASM - I (13)"
7,"AKASH","Akash Infra-Projects Limited","INE737W01013","LTASM - I (13)"
8,"AKI","AKI India Limited","INE642Z01026","LTASM - I (13)"
9,"ALKALI","Alkali Metals Limited","INE773I01017","LTASM - I (13)"
10,"ALPHAGEO","Alphageo (India) Limited","INE137C01018","LTASM - I (13)"
11,"AMDIND","AMD Industries Limited","INE005I01014","LTASM - I (13)"
12,"ANANDRATHI","Anand Rathi Wealth Limited","INE463V01026","LTASM - I (13)"
13,"ANIKINDS","Anik Industries Limited","INE087B01017","LTASM - I (13)"
14,"APS","Australian Premium Solar (India) Limited","INE0P0001010","LTASM - I (13)"
15,"ARE&M","Amara Raja Energy & Mobility Limited","INE885A01032","LTASM - I (13)"
16,"ASHAPURMIN","Ashapura Minechem Limited","INE348A01023","LTASM - I (13)"
17,"ASHIMASYN","Ashima Limited","INE440A01010","LTASM - I (13)"
18,"AURIONPRO","Aurionpro Solutions Limited","INE132H01018","LTASM - I (13)"
19,"BASML","Bannari Amman Spinning Mills Limited","INE186H01022","LTASM - I (13)"
20,"BBL","Bharat Bijlee Limited","INE464A01036","LTASM - I (13)"
21,"BIRDYS","Grill Splendour Services Limited","INE0PC901019","LTASM - I (13)"
22,"BSE","BSE Limited","INE118H01025","LTASM - I (13)"
23,"COMSYN","Commercial Syn Bags Limited","INE073V01015","LTASM - I (13)"
24,"CUPID","Cupid Limited","INE509F01029","LTASM - IV (16)"
25,"DCMNVL","DCM Nouvelle Limited","INE08KP01019","LTASM - I (13)"
26,"DHTL","Docmode Health Technologies Limited","INE0OGG01015","LTASM - I (13)"
27,"DLINKINDIA","D-Link (India) Limited","INE250K01012","LTASM - I (13)"
28,"DOLATALGO","Dolat Algotech Limited","INE966A01022","LTASM - I (13)"
29,"DOLPHIN","Dolphin Offshore Enterprises (India) Limited","INE920A01037","LTASM - IV (16)"
30,"DSSL","Dynacons Systems & Solutions Limited","INE417B01040","LTASM - I (13)"
31,"DYNAMATECH","Dynamatic Technologies Limited","INE221B01012","LTASM - I (13)"
32,"DYNPRO","Dynemic Products Limited","INE256H01015","LTASM - I (13)"
33,"E2E","E2E Networks Limited","INE255Z01019","LTASM - IV (16)"
34,"EIMCOELECO","Eimco Elecon (India) Limited","INE158B01016","LTASM - IV (16)"
35,"ELECTCAST","Electrosteel Castings Limited","INE086A01029","LTASM - I (13)"
36,"ESSARSHPNG","Essar Shipping Limited","INE122M01019","LTASM - I (13)"
37,"EXICOM","Exicom Tele-Systems Limited","INE777F01014","LTASM - I (13)"
38,"FLEXITUFF","Flexituff Ventures International Limited","INE060J01017","LTASM - I (13)"
39,"FMNL","Future Market Networks Limited","INE360L01017","LTASM - I (13)"
40,"FORCEMOT","FORCE MOTORS LTD","INE451A01017","LTASM - I (13)"
41,"GALLANTT","Gallantt Ispat Limited","INE297H01019","LTASM - IV (16)"
42,"GENSOL","Gensol Engineering Limited","INE06H201014","LTASM - I (13)"
43,"GET&D","GE T&D India Limited","INE200A01026","LTASM - IV (16)"
44,"GILLANDERS","Gillanders Arbuthnot & Company Limited","INE047B01011","LTASM - I (13)"
45,"GPTINFRA","GPT Infraprojects Limited","INE390G01014","LTASM - IV (16)"
46,"GRCL","Gayatri Rubbers And Chemicals Limited","INE0LVM01018","LTASM - I (13)"
47,"GRPLTD","GRP Limited","INE137I01015","LTASM - IV (16)"
48,"GTLINFRA","GTL Infrastructure Limited","INE221H01019","LTASM - I (13)"
49,"GVKPIL","GVK Power & Infrastructure Limited","INE251H01024","LTASM - II (14)"
50,"GVPTECH","GVP Infotech Limited","INE382T01030","LTASM - II (14)"
51,"HARRMALAYA","Harrisons  Malayalam Limited","INE544A01019","LTASM - I (13)"
52,"HAVISHA","Sri Havisha Hospitality and Infrastructure Limited","INE293B01029","LTASM - I (13)"
53,"HBLPOWER","HBL Power Systems Limited","INE292B01021","LTASM - I (13)"
54,"HERITGFOOD","Heritage Foods Limited","INE978A01027","LTASM - I (13)"
55,"HINDMOTORS","Hindustan Motors Limited","INE253A01025","LTASM - I (13)"
56,"HINDZINC","Hindustan Zinc Limited","INE267A01025","LTASM - I (13)"
57,"HITECHGEAR","The Hi-Tech Gears Limited","INE127B01011","LTASM - IV (16)"
58,"HPIL","Hindprakash Industries Limited","INE05X901010","LTASM - I (13)"
59,"HPL","HPL Electric & Power Limited","INE495S01016","LTASM - I (13)"
60,"HUBTOWN","Hubtown Limited","INE703H01016","LTASM - IV (16)"
61,"IEL","Indiabulls Enterprises Limited","INE059901020","LTASM - I (13)"
62,"IMFA","Indian Metals & Ferro Alloys Limited","INE919H01018","LTASM - I (13)"
63,"INDOTECH","Indo Tech Transformers Limited","INE332H01014","LTASM - IV (16)"
64,"INDOTHAI","Indo Thai Securities Limited","INE337M01013","LTASM - I (13)"
65,"IWEL","Inox Wind Energy Limited","INE0FLR01028","LTASM - I (13)"
66,"IZMO","IZMO Limited","INE848A01014","LTASM - I (13)"
67,"JAIBALAJI","Jai Balaji Industries Limited","INE091G01018","LTASM - IV (16)"
68,"JITFINFRA","JITF Infralogistics Limited","INE863T01013","LTASM - I (13)"
69,"JPPOWER","Jaiprakash Power Ventures Limited","INE351F01018","LTASM - I (13)"
70,"JUBLINDS","Jubilant Industries Limited","INE645L01011","LTASM - I (13)"
71,"JWL","Jupiter Wagons Limited","INE209L01016","LTASM - I (13)"
72,"JYOTICNC","Jyoti CNC Automation Limited","INE980O01024","LTASM - I (13)"
73,"JYOTISTRUC","Jyoti Structures Limited","INE197A01024","LTASM - IV (16)"
74,"KALYANKJIL","Kalyan Jewellers India Limited","INE303R01014","LTASM - I (13)"
75,"KARMAENG","Karma Energy Limited","INE725L01011","LTASM - I (13)"
76,"KBCGLOBAL","KBC Global Limited","INE278R01034","LTASM - I (13)"
77,"KICL","Kalyani Investment Company Limited","INE029L01018","LTASM - I (13)"
78,"KIRLOSBROS","Kirloskar Brothers Limited","INE732A01036","LTASM - I (13)"
79,"KIRLOSENG","Kirloskar Oil Engines Limited","INE146L01010","LTASM - I (13)"
80,"KIRLPNU","Kirloskar Pneumatic Company Limited","INE811A01020","LTASM - I (13)"
81,"KODYTECH","Kody Technolab Limited","INE0Q7P01013","LTASM - I (13)"
82,"KORE","Jay Jalaram Technologies Limited","INE0J6801010","LTASM - II (14)"
83,"KPIGREEN","KPI Green Energy Limited","INE542W01025","LTASM - I (13)"
84,"KRITIKA","Kritika Wires Limited","INE00Z501029","LTASM - I (13)"
85,"LEMERITE","Le Merite Exports Limited","INE0G1L01017","LTASM - I (13)"
86,"LEXUS","Lexus Granito (India) Limited","INE500X01013","LTASM - I (13)"
87,"LGHL","Laxmi Goldorna House Limited","INE258Y01016","LTASM - I (13)"
88,"LLOYDS","Lloyds Luxuries Limited","INE0DTQ01028","LTASM - I (13)"
89,"LYPSAGEMS","Lypsa Gems & Jewellery Limited","INE142K01011","LTASM - I (13)"
90,"MACPOWER","Macpower CNC Machines Limited","INE155Z01011","LTASM - IV (16)"
91,"MAKS","Maks Energy Solutions India Limited","INE0CDK01019","LTASM - I (13)"
92,"MANINDS","Man Industries (India) Limited","INE993A01026","LTASM - I (13)"
93,"MARINE","Marine Electricals (India) Limited","INE01JE01028","LTASM - I (13)"
94,"MAXIND","Max India Limited","INE0CG601016","LTASM - I (13)"
95,"MCL","Madhav Copper Limited","INE813V01022","LTASM - I (13)"
96,"MEGASTAR","Megastar Foods Limited","INE00EM01016","LTASM - I (13)"
97,"MICEL","MIC Electronics Limited","INE287C01037","LTASM - IV (16)"
98,"MINDTECK","Mindteck (India) Limited","INE110B01017","LTASM - I (13)"
99,"MOTILALOFS","Motilal Oswal Financial Services Limited","INE338I01027","LTASM - I (13)"
100,"MOTOGENFIN","The Motor & General Finance Limited","INE861B01023","LTASM - I (13)"
101,"MOXSH","Moxsh Overseas Educon Limited","INE0N6D01014","LTASM - I (13)"
102,"MSPL","MSP Steel & Power Limited","INE752G01015","LTASM - I (13)"
103,"NEWGEN","Newgen Software Technologies Limited","INE619B01017","LTASM - I (13)"
104,"NITCO","Nitco Limited","INE858F01012","LTASM - I (13)"
105,"NKIND","NK Industries Limited","INE542C01019","LTASM - I (13)"
106,"OBCL","Orissa Bengal Carrier Limited","INE426Z01016","LTASM - I (13)"
107,"OMINFRAL","OM INFRA LIMITED","INE239D01028","LTASM - IV (16)"
108,"ORIENTALTL","Oriental Trimex Limited","INE998H01012","LTASM - I (13)"
109,"OWAIS","Owais Metal And Mineral Processing Limited","INE0R8M01017","LTASM - I (13)"
110,"PARAS","Paras Defence and Space Technologies Limited","INE045601015","LTASM - I (13)"
111,"PDMJEPAPER","Pudumjee Paper Products Limited","INE865T01018","LTASM - I (13)"
112,"PGEL","PG Electroplast Limited","INE457L01029","LTASM - I (13)"
113,"POWERINDIA","Hitachi Energy India Limited","INE07Y701011","LTASM - I (13)"
114,"PRAENG","Prajay Engineers Syndicate Limited","INE505C01016","LTASM - I (13)"
115,"PREMEXPLN","Premier Explosives Limited","INE863B01029","LTASM - IV (16)"
116,"PURVA","Puravankara Limited","INE323I01011","LTASM - IV (16)"
117,"QUESTLAB","Quest Laboratories Limited","INE0TNW01017","LTASM - I (13)"
118,"RAMANEWS","Shree Rama Newsprint Limited","INE278B01020","LTASM - I (13)"
119,"REMSONSIND","Remsons Industries Limited","INE474C01023","LTASM - I (13)"
120,"RPPINFRA","R.P.P. Infra Projects Limited","INE324L01013","LTASM - I (13)"
121,"RTNPOWER","RattanIndia Power Limited","INE399K01017","LTASM - II (14)"
122,"SCHNEIDER","Schneider Electric Infrastructure Limited","INE839M01018","LTASM - I (13)"
123,"SECL","Salasar Exteriors and Contour Limited","INE00Y701026","LTASM - II (14)"
124,"SENCO","Senco Gold Limited","INE602W01019","LTASM - I (13)"
125,"SHAH","Shah Metacorp Limited","INE482J01021","LTASM - I (13)"
126,"SHAILY","Shaily Engineering Plastics Limited","INE151G01028","LTASM - I (13)"
127,"SHAKTIPUMP","Shakti Pumps (India) Limited","INE908D01010","LTASM - IV (16)"
128,"SHARDAMOTR","Sharda Motor Industries Limited","INE597I01028","LTASM - I (13)"
129,"SHIVAMILLS","Shiva Mills Limited","INE644Y01017","LTASM - I (13)"
130,"SIMPLEXINF","Simplex Infrastructures Limited","INE059B01024","LTASM - I (13)"
131,"SKYGOLD","Sky Gold Limited","INE01IU01018","LTASM - IV (16)"
132,"SOBHA","Sobha Limited","INE671H01015","LTASM - I (13)"
133,"SOFTTECH","Softtech Engineers Limited","INE728Z01015","LTASM - I (13)"
134,"SOLARINDS","Solar Industries India Limited","INE343H01029","LTASM - I (13)"
135,"SPECTRUM","Spectrum Electrical Industries Limited","INE01EO01010","LTASM - I (13)"
136,"SPMLINFRA","SPML Infra Limited","INE937A01023","LTASM - II (14)"
137,"STEL","Stel Holdings Limited","INE577L01016","LTASM - I (13)"
138,"SUNDARAM","Sundaram Multi Pap Limited","INE108E01023","LTASM - I (13)"
139,"SUPERSPIN","Super Spinning Mills Limited","INE662A01027","LTASM - I (13)"
140,"SUZLON","Suzlon Energy Limited","INE040H01021","LTASM - I (13)"
141,"SVPGLOB","SVP GLOBAL TEXTILES LIMITED","INE308E01029","LTASM - I (13)"
142,"SWSOLAR","Sterling and Wilson Renewable Energy Limited","INE00M201021","LTASM - I (13)"
143,"TATAINVEST","Tata Investment Corporation Limited","INE672A01018","LTASM - I (13)"
144,"TECHLABS","Trident Techlabs Limited","INE0QD201012","LTASM - I (13)"
145,"TECHNOE","Techno Electric & Engineering Company Limited","INE285K01026","LTASM - IV (16)"
146,"TEJASNET","Tejas Networks Limited","INE010J01012","LTASM - I (13)"
147,"TIMESGTY","Times Guaranty Limited","INE289C01025","LTASM - I (13)"
148,"TPLPLASTEH","TPL Plastech Limited","INE413G01022","LTASM - I (13)"
149,"TREEHOUSE","Tree House Education & Accessories Limited","INE040M01013","LTASM - I (13)"
150,"TRIL","Transformers And Rectifiers (India) Limited","INE763I01026","LTASM - IV (16)"
151,"TVSHLTD","TVS Holdings Limited","INE105A01035","LTASM - I (13)"
152,"UMANGDAIRY","Umang Dairies Limited","INE864B01027","LTASM - I (13)"
153,"UNIINFO","Uniinfo Telecom Services Limited","INE481Z01011","LTASM - I (13)"
154,"V2RETAIL","V2 Retail Limited","INE945H01013","LTASM - IV (16)"
155,"VARDMNPOLY","Vardhman Polytex Limited","INE835A01029","LTASM - I (13)"
156,"VASA","Vasa Retail and Overseas Ltd","INE068Z01016","LTASM - I (13)"
157,"VERTOZ","Vertoz Advertising Limited","INE188Y01023","LTASM - IV (16)"
158,"VITAL","Vital Chemtech Limited","INE0L4K01016","LTASM - I (13)"
159,"WANBURY","Wanbury Limited","INE107F01022","LTASM - I (13)"
160,"WEALTH","Wealth First Portfolio Managers Limited","INE658T01017","LTASM - I (13)"
161,"WINDMACHIN","Windsor Machines Limited","INE052A01021","LTASM - I (13)"
162,"WOCKPHARMA","Wockhardt Limited","INE049B01025","LTASM - I (13)"
163,"YUKEN","Yuken India Limited","INE384C01016","LTASM - II (14)"
"Short Term",,,,
1,"ABSMARINE","ABS Marine Services Limited","INE0QRV01016","STASM - I (11)"
2,"ACSAL","Arvind and Company Shipping Agencies Limited","INE0P4T01013","STASM - I (11)"
3,"ADSL","Allied Digital Services Limited","INE102I01027","STASM - I (11)"
4,"AIMTRON","Aimtron Electronics Limited","INE0RUV01018","STASM - I (11)"
5,"AKANKSHA","Akanksha Power and Infrastructure Limited","INE0PCY01014","STASM - I (11)"
6,"AMEYA","Ameya Precision Engineers Limited","INE0KT901015","STASM - II (12)"
7,"AMNPLST","Amines & Plasticizers Limited","INE275D01022","STASM - I (11)"
8,"ARISTO","Aristo Bio-Tech And Lifescience Limited","INE082101010","STASM - I (11)"
9,"ARTEMISMED","Artemis Medicare Services Limited","INE025R01021","STASM - I (11)"
10,"ATMASTCO","Atmastco Limited","INE05DH01017","STASM - II (12)"
11,"AUROIMPEX","Auro Impex  & Chemicals Limited","INE0NUL01018","STASM - I (11)"
12,"BASILIC","Basilic Fly Studio Limited","INE0OCC01013","STASM - I (11)"
13,"BBOX","Black Box Limited","INE676A01027","STASM - I (11)"
14,"BBTC","Bombay Burmah Trading Corporation Limited","INE050A01025","STASM - I (11)"
15,"BEPL","Bhansali Engineering Polymers Limited","INE922A01025","STASM - I (11)"
16,"BLUEPEBBLE","Blue Pebble Limited","INE0SAK01011","STASM - II (12)"
17,"CHEMBOND","Chembond Chemicals Ltd","INE995D01025","STASM - I (11)"
18,"CLOUD","Varanium Cloud Limited","INE0JOO01021","STASM - I (11)"
19,"DCG","DCG Cables & Wires Limited","INE0S8401018","STASM - I (11)"
20,"DCXINDIA","DCX Systems Limited","INE0KL801015","STASM - I (11)"
21,"DIGISPICE","DiGiSPICE Technologies Limited","INE927C01020","STASM - I (11)"
22,"DYNAMIC","Dynamic Services & Security Limited","INE0DZ701010","STASM - I (11)"
23,"EMAMIPAP","Emami Paper Mills Limited","INE830C01026","STASM - I (11)"
24,"ENFUSE","Enfuse Solutions Limited","INE0S3X01014","STASM - I (11)"
25,"ENSER","Enser Communications Limited","INE0R9I01013","STASM - I (11)"
26,"EPACK","EPACK Durable Limited","INE0G5901015","STASM - I (11)"
27,"ESCONET","Esconet Technologies Limited","INE0RQZ01017","STASM - I (11)"
28,"GEPIL","GE Power India Limited","INE878A01011","STASM - I (11)"
29,"GICL","Globe International Carriers Limited","INE947T01014","STASM - I (11)"
30,"GRAVITA","Gravita India Limited","INE024L01027","STASM - I (11)"
31,"HONDAPOWER","Honda India Power Products Limited","INE634A01018","STASM - I (11)"
32,"HONDAPOWER","Honda Siel Power Products Limited","INE634A01018","STASM - I (11)"
33,"HRHNEXT","HRH Next Services Limited","INE0R3501012","STASM - I (11)"
34,"IFBIND","IFB Industries Limited","INE559A01017","STASM - I (11)"
35,"INDOWIND","Indowind Energy Limited","INE227G01018","STASM - I (11)"
36,"INSPIRISYS","Inspirisys Solutions Limited","INE020G01017","STASM - I (11)"
37,"JINDALPOLY","Jindal Poly Films Limited","INE197D01010","STASM - I (11)"
38,"JKPAPER","JK Paper Limited","INE789E01012","STASM - I (11)"
39,"JNKINDIA","JNK India Limited","INE0OAF01028","STASM - I (11)"
40,"K2INFRA","K2 Infragen Limited","INE0DEZ01013","STASM - I (11)"
41,"KAYA","Kaya Limited","INE587G01015","STASM - I (11)"
42,"KCEIL","Kay Cee Energy & Infra Limited","INE0RCG01017","STASM - I (11)"
43,"KDL","Kore Digital Limited","INE0O4R01018","STASM - I (11)"
44,"KELLTONTEC","Kellton Tech Solutions Limited","INE164B01022","STASM - I (11)"
45,"KEYFINSERV","Keynote Financial Services Limited","INE681C01015","STASM - I (11)"
46,"KNAGRI","KN Agri Resources Limited","INE0KNW01016","STASM - I (11)"
47,"KRISHCA","Krishca Strapping Solutions Limited","INE0NR701018","STASM - I (11)"
48,"KRISHNADEF","Krishna Defence and Allied Industries Limited","INE0J5601015","STASM - II (12)"
49,"MALLCOM","Mallcom (India) Limited","INE389C01015","STASM - I (11)"
50,"MARATHON","Marathon Nextgen Realty Limited","INE182D01020","STASM - I (11)"
51,"MASON","Mason Infratech Limited","INE0SH001010","STASM - I (11)"
52,"MBLINFRA","MBL Infrastructure Limited","INE912H01013","STASM - I (11)"
53,"MCON","Mcon Rasayan India Limited","INE0O4M01019","STASM - II (12)"
54,"MILTON","Milton Industries Limited","INE376Y01016","STASM - I (11)"
55,"MOS","Mos Utility Limited","INE0N7S01010","STASM - I (11)"
56,"MUKKA","Mukka Proteins Limited","INE0CG401037","STASM - I (11)"
57,"NAHARPOLY","Nahar Poly Films Limited","INE308A01027","STASM - I (11)"
58,"NEWJAISA","Newjaisa Technologies Limited","INE0PW501021","STASM - I (11)"
59,"NIRMAN","Nirman Agri Genetics Limited","INE0OK701014","STASM - II (12)"
60,"OLIL","Oneclick Logistics India Limited","INE0OPS01011","STASM - I (11)"
61,"OMAXE","Omaxe Limited","INE800H01010","STASM - I (11)"
62,"ONDOOR","On Door Concepts Limited","INE00ER01015","STASM - I (11)"
63,"OPTIEMUS","Optiemus Infracom Limited","INE350C01017","STASM - I (11)"
64,"PASHUPATI","Pashupati Cotspin Limited","INE124Y01010","STASM - I (11)"
65,"PCJEWELLER","PC Jeweller Limited","INE785M01013","STASM - I (11)"
66,"PFOCUS","Prime Focus Limited","INE367G01038","STASM - I (11)"
67,"PNBGILTS","PNB Gilts Limited","INE859A01011","STASM - I (11)"
68,"RANEHOLDIN","Rane Holdings Limited","INE384A01010","STASM - I (11)"
69,"REFEX","Refex Industries Limited","INE056I01025","STASM - I (11)"
70,"REFRACTORY","Refractory Shapes Limited","INE0TNX01015","STASM - II (12)"
71,"RETAIL","JHS Svendgaard Retail Ventures Limited","INE03DD01011","STASM - I (11)"
72,"RILINFRA","Rachana Infrastructure Limited","INE02OY01016","STASM - I (11)"
73,"ROTO","Roto Pumps Limited","INE535D01029","STASM - I (11)"
74,"RULKA","Rulka Electricals Limited","INE0R7301013","STASM - I (11)"
75,"SAAKSHI","Saakshi Medtech and Panels Limited","INE0PSK01027","STASM - I (11)"
76,"SABAR","Sabar Flex India Limited","INE0DZ101013","STASM - I (11)"
77,"SADHNANIQ","Sadhana Nitrochem Limited","INE888C01040","STASM - I (11)"
78,"SLONE","Slone Infosystems Limited","INE0SMA01017","STASM - I (11)"
79,"SOLARA","Solara Active Pharma Sciences Limited","INE624Z01016","STASM - I (11)"
80,"SONAMAC","Sona Machinery Limited","INE0Q6H01012","STASM - I (11)"
81,"SONUINFRA","Sonu Infratech Limited","INE0JZA01018","STASM - I (11)"
82,"SOTAC","Sotac Pharmaceuticals Limited","INE0O2D01012","STASM - I (11)"
83,"SUPREMEPWR","Supreme Power Equipment Limited","INE0QHG01026","STASM - II (12)"
84,"SURAJEST","Suraj Estate Developers Limited","INE843S01025","STASM - I (11)"
85,"SUVEN","Suven Life Sciences Limited","INE495B01038","STASM - I (11)"
86,"SWARAJ","Swaraj Suiting Limited","INE0GMR01016","STASM - I (11)"
87,"SYLVANPLY","Sylvan Plyboard (India) Limited","INE01IH01015","STASM - I (11)"
88,"TAC","TAC Infosec Limited","INE0SOY01013","STASM - I (11)"
89,"TBI","TBI Corn Limited","INE0N2D01013","STASM - I (11)"
90,"TCLCONS","Tantia Constructions Limited","INE388G01026","STASM - I (11)"
91,"TGL","Teerth Gopicon Limited","INE0K6601012","STASM - I (11)"
92,"TIMESCAN","Timescan Logistics (India) Limited","INE0IJY01014","STASM - I (11)"
93,"TIRUPATI","Shree Tirupati Balajee FIBC Limited","INE238Y01018","STASM - I (11)"
94,"TITAGARH","TITAGARH RAIL SYSTEMS LIMITED","INE615H01020","STASM - I (11)"
95,"UMA","Uma Converter Limited","INE067901012","STASM - I (11)"
96,"VASWANI","Vaswani Industries Limited","INE590L01019","STASM - I (11)"
97,"VERANDA","Veranda Learning Solutions Limited","INE0IQ001011","STASM - I (11)"
98,"VISHNU","Vishnu Chemicals Limited","INE270I01022","STASM - I (11)"
99,"VISHNUINFR","Vishnusurya Projects and Infra Limited","INE0PQ001012","STASM - I (11)"
100,"VIVIANA","Viviana Power Tech Limited","INE0MEG01014","STASM - II (12)"
101,"WINNY","Winny Immigration & Education Services Limited","INE0S9101013","STASM - I (11)"
102,"WINSOL","Winsol Engineers Limited","INE0S3D01016","STASM - I (11)"
103,"WOMANCART","Womancart Limited","INE0Q9601016","STASM - I (11)"
104,"ZENTEC","Zen Technologies Limited","INE251B01027","STASM - I (11)"
105,"ZTECH","Z-Tech (India) Limited","INE0ISZ01012","STASM - I (11)"